grand_copperframe,test.unit,2024,9
grand_copperframe,deps.upgrade,2024,9
grand_copperframe,doc.dart,2024,9
grand_copperframe,github.standard,2024,9
grand_copperframe,lint.check,2024,9
grand_copperframe,lint.fix,2024,9
grand_copperframe,md.check,2024,9
grand_copperframe,md.fix,2024,9
grand_copperframe,release.ready,2024,9
grand_copperframe,release.pr,2024,9
grand_copperframe,release.publish,2024,9
grand_copperframe,scaffold.upgrade,2024,9
grand_copperframe,scaffold.norm,2024,9
grand_copperframe,scaffold.norm-package,2024,9
grand_copperframe,scaffold.custom,2024,9
grand_copperframe,scaffold.readme,2024,9
grand_copperframe,test.unit,2024,9
grand_copperframe,deps.upgrade,2024,9
grand_copperframe,doc.dart,2024,9
grand_copperframe,github.standard,2024,9
grand_copperframe,lint.check,2024,9
grand_copperframe,lint.fix,2024,9
grand_copperframe,md.check,2024,9
grand_copperframe,md.fix,2024,9
grand_copperframe,release.ready,2024,9
grand_copperframe,release.pr,2024,9
grand_copperframe,release.publish,2024,9
grand_copperframe,scaffold.upgrade,2024,9
grand_copperframe,scaffold.norm,2024,9
grand_copperframe,scaffold.norm-package,2024,9
grand_copperframe,scaffold.custom,2024,9
grand_copperframe,scaffold.readme,2024,9
grand_copperframe,test.unit,2024,9
grand_copperframe,deps.upgrade,2024,9
grand_copperframe,doc.dart,2024,9
grand_copperframe,github.standard,2024,9
grand_copperframe,lint.check,2024,9
grand_copperframe,lint.fix,2024,9
grand_copperframe,md.check,2024,9
grand_copperframe,md.fix,2024,9
grand_copperframe,release.ready,2024,9
grand_copperframe,release.pr,2024,9
grand_copperframe,release.publish,2024,9
grand_copperframe,scaffold.upgrade,2024,9
grand_copperframe,scaffold.norm,2024,9
grand_copperframe,scaffold.norm-package,2024,9
grand_copperframe,scaffold.custom,2024,9
grand_copperframe,scaffold.readme,2024,9
